cluster,recency,frequency,avg_order_size,CLV
0,22.824731806320674,57.10036725620953,10.418915517751918,582.1901535577636
1,29.672736970914,12.279909635718992,9.770360774991236,122.00405284615312
2,14.511009174311926,10.80210244648318,10.685846016941037,114.5564499924762
