department,reordered
dairy eggs,0.6699686517365298
beverages,0.6534601128793452
produce,0.6499125303780631
bakery,0.6281408615152955
deli,0.6077190085317561
pets,0.6012852523433343
babies,0.5789708401564881
bulk,0.577039886616724
snacks,0.5741798410417136
alcohol,0.5699237455756818
